question,expected_answer,expected_policy,expected_section,department,category,difficulty,source_statement
Which security requirement applies to verify network gateway?,Verify Network Gateway must be approved by Network Operations.,IT-VPN-024,POLICY_STATEMENT,Information Technology,Remote_Access,Medium,Verify Network Gateway must be approved by Network Operations
How should employees handle review vendor agreement?,Review Vendor Agreement must be documented.,LEG-CMP-007,POLICY_STATEMENT,Legal,Compliance,Medium,Review Vendor Agreement must be documented
Should review patent must follow consent requirements?,Yes. Review Patent must follow consent requirements.,LEG-IP-004,POLICY_STATEMENT,Legal,Intellectual_Property,Easy,Review Patent must follow consent requirements
Is it required to share confidential record must comply with privacy regulations?,Yes. Share Confidential Record must comply with privacy regulations.,LEG-PRI-009,POLICY_STATEMENT,Legal,Data_Privacy,Easy,Share Confidential Record must comply with privacy regulations
What enterprise security control governs restore home office?,Restore Home Office must protect company assets.,OPS-RMT-024,POLICY_STATEMENT,Operations,Remote_Work,Hard,Restore Home Office must protect company assets
Which security requirement applies to report customer records?,Report Customer Records must be logged.,CS-RET-011,POLICY_STATEMENT,Cyber Security,Data_Retention,Medium,Report Customer Records must be logged
What is the policy regarding classify research paper?,Classify Research Paper must maintain research integrity.,RES-DAT-014,POLICY_STATEMENT,Research,Research_Data_Protection,Easy,Classify Research Paper must maintain research integrity
What enterprise security control governs update enterprise software?,Update Enterprise Software must be logged.,IT-SFT-013,POLICY_STATEMENT,Information Technology,Software_Installation,Hard,Update Enterprise Software must be logged
How should employees handle review attendance record?,Review Attendance Record must be retained for audit purposes.,HR-REC-010,POLICY_STATEMENT,Human Resources,Recruitment,Medium,Review Attendance Record must be retained for audit purposes
What enterprise security control governs update application must?,Update Application must be digitally signed.,IT-SFT-011,POLICY_STATEMENT,Information Technology,Software_Installation,Hard,Update Application must be digitally signed
How should employees handle recover critical system?,Recover Critical System must include emergency contacts.,OPS-BCP-004,POLICY_STATEMENT,Operations,Business_Continuity,Medium,Recover Critical System must include emergency contacts
Should conduct candidate must follow organizational procedures?,Yes. Conduct Candidate must follow organizational procedures.,HR-REC-011,POLICY_STATEMENT,Human Resources,Recruitment,Easy,Conduct Candidate must follow organizational procedures
How should employees handle assess compliance record?,Assess Compliance Record must follow regulatory requirements.,FIN-REP-020,POLICY_STATEMENT,Finance,Financial_Reporting,Medium,Assess Compliance Record must follow regulatory requirements
Should maintain business process must follow regulatory requirements?,Yes. Maintain Business Process must follow regulatory requirements.,LEG-CMP-008,POLICY_STATEMENT,Legal,Compliance,Easy,Maintain Business Process must follow regulatory requirements
"According to enterprise policy, what should be done for process employee must?",Process Employee must be reviewed annually.,HR-PRF-023,POLICY_STATEMENT,Human Resources,Performance_Management,Medium,Process Employee must be reviewed annually
What is the policy regarding record case record?,Record Case Record must protect confidential information.,CSP-COM-021,POLICY_STATEMENT,Customer Support,Customer_Communication,Easy,Record Case Record must protect confidential information
What is the policy regarding archive procurement record?,Archive Procurement Record must be reviewed periodically.,FIN-EXP-010,POLICY_STATEMENT,Finance,Expense_Management,Easy,Archive Procurement Record must be reviewed periodically
Which security requirement applies to access external connection?,Access External Connection must use secure protocols.,IT-VPN-008,POLICY_STATEMENT,Information Technology,Remote_Access,Medium,Access External Connection must use secure protocols
What is the policy regarding manage leave request?,Manage Leave Request must be retained for audit purposes.,HR-BEN-024,POLICY_STATEMENT,Human Resources,Employee_Benefits,Easy,Manage Leave Request must be retained for audit purposes
Is it required to review employee record must receive manager approval?,Yes. Review Employee Record must receive manager approval.,HR-BEN-023,POLICY_STATEMENT,Human Resources,Employee_Benefits,Easy,Review Employee Record must receive manager approval
What is the policy regarding audit office equipment?,Audit Office Equipment must report lost assets immediately.,ADM-AST-001,POLICY_STATEMENT,Administration,Asset_Management,Easy,Audit Office Equipment must report lost assets immediately
How should employees handle monitor identity document?,Monitor Identity Document must support user deletion requests.,LEG-PRI-005,POLICY_STATEMENT,Legal,Data_Privacy,Medium,Monitor Identity Document must support user deletion requests
"According to enterprise policy, what should be done for audit audit report?",Audit Audit Report must follow regulatory requirements.,LEG-CMP-011,POLICY_STATEMENT,Legal,Compliance,Medium,Audit Audit Report must follow regulatory requirements
What is the policy regarding maintain employee benefit?,Maintain Employee Benefit must be retained for audit purposes.,HR-BEN-018,POLICY_STATEMENT,Human Resources,Employee_Benefits,Easy,Maintain Employee Benefit must be retained for audit purposes
Which mandatory enterprise requirement applies to report network traffic?,Report Network Traffic must follow incident response procedures.,CS-INC-020,POLICY_STATEMENT,Cyber Security,Incident_Response,Hard,Report Network Traffic must follow incident response procedures
Is it required to report sensitive data must follow organizational data classification policy?,Yes. Report Sensitive Data must follow organizational data classification policy.,CS-DCL-011,POLICY_STATEMENT,Cyber Security,Data_Classification,Easy,Report Sensitive Data must follow organizational data classification policy
What enterprise security control governs scan email attachment?,Scan Email Attachment must be encrypted when confidential.,IT-EML-016,POLICY_STATEMENT,Information Technology,Email_Security,Hard,Scan Email Attachment must be encrypted when confidential
What is the policy regarding record audit report?,Record Audit Report must receive management approval.,LEG-VEN-011,POLICY_STATEMENT,Legal,Vendor_Management,Easy,Record Audit Report must receive management approval
What enterprise security control governs record training record?,Record Training Record must be retained for audit purposes.,HR-REC-009,POLICY_STATEMENT,Human Resources,Recruitment,Hard,Record Training Record must be retained for audit purposes
What enterprise security control governs monitor remote device?,Monitor Remote Device must report security incidents.,OPS-RMT-016,POLICY_STATEMENT,Operations,Remote_Work,Hard,Monitor Remote Device must report security incidents
What enterprise security control governs transfer financial statement?,Transfer Financial Statement must comply with retention policy.,FIN-EXP-011,POLICY_STATEMENT,Finance,Expense_Management,Hard,Transfer Financial Statement must comply with retention policy
What is the policy regarding review confidential record?,Review Confidential Record must be protected against unauthorized access.,LEG-PRI-017,POLICY_STATEMENT,Legal,Data_Privacy,Easy,Review Confidential Record must be protected against unauthorized access
Which security requirement applies to monitor job application?,Monitor Job Application must protect employee privacy.,HR-BEN-019,POLICY_STATEMENT,Human Resources,Employee_Benefits,Medium,Monitor Job Application must protect employee privacy
What enterprise security control governs protect cyber threat?,Protect Cyber Threat must follow incident response procedures.,CS-RET-016,POLICY_STATEMENT,Cyber Security,Data_Retention,Hard,Protect Cyber Threat must follow incident response procedures
"According to enterprise policy, what should be done for delete business data?",Delete Business Data must comply with retention policy.,FIN-EXP-014,POLICY_STATEMENT,Finance,Expense_Management,Medium,Delete Business Data must comply with retention policy
Which security requirement applies to report threat intelligence?,Report Threat Intelligence must be monitored continuously.,CS-CLD-009,POLICY_STATEMENT,Cyber Security,Cloud_Security,Medium,Report Threat Intelligence must be monitored continuously
Is it required to review configuration change must include rollback procedure?,Yes. Review Configuration Change must include rollback procedure.,OPS-CHG-022,POLICY_STATEMENT,Operations,Change_Management,Easy,Review Configuration Change must include rollback procedure
How should employees handle authorize employee must?,Authorize Employee must be reviewed annually.,HR-PRF-006,POLICY_STATEMENT,Human Resources,Performance_Management,Medium,Authorize Employee must be reviewed annually
Is it required to store budget record must protect employee salary information?,Yes. Store Budget Record must protect employee salary information.,FIN-PAY-001,POLICY_STATEMENT,Finance,Payroll,Easy,Store Budget Record must protect employee salary information
Should mitigate cloud resource must follow incident response procedures?,Yes. Mitigate Cloud Resource must follow incident response procedures.,CS-AIG-024,POLICY_STATEMENT,Cyber Security,AI_Governance,Easy,Mitigate Cloud Resource must follow incident response procedures
Which security requirement applies to verify enterprise software?,Verify Enterprise Software must be scanned before installation.,IT-SFT-020,POLICY_STATEMENT,Information Technology,Software_Installation,Medium,Verify Enterprise Software must be scanned before installation
How should employees handle protect operating system?,Protect Operating System must be logged.,IT-SFT-022,POLICY_STATEMENT,Information Technology,Software_Installation,Medium,Protect Operating System must be logged
"According to enterprise policy, what should be done for restrict network gateway?",Restrict Network Gateway must use secure protocols.,IT-VPN-004,POLICY_STATEMENT,Information Technology,Remote_Access,Medium,Restrict Network Gateway must use secure protocols
Which mandatory enterprise requirement applies to report threat event?,Report Threat Event must be monitored continuously.,CS-INC-012,POLICY_STATEMENT,Cyber Security,Incident_Response,Hard,Report Threat Event must be monitored continuously
Should revoke role must be backed by identity verification?,Yes. Revoke Role must be backed by identity verification.,IT-ACC-022,POLICY_STATEMENT,Information Technology,Access_Control,Easy,Revoke Role must be backed by identity verification
Should authorize equipment must be reviewed annually?,Yes. Authorize Equipment must be reviewed annually.,ADM-PSC-025,POLICY_STATEMENT,Administration,Physical_Security,Easy,Authorize Equipment must be reviewed annually
Which mandatory enterprise requirement applies to protect security incident?,Protect Security Incident must preserve forensic evidence.,CS-CLD-011,POLICY_STATEMENT,Cyber Security,Cloud_Security,Hard,Protect Security Incident must preserve forensic evidence
Is it required to restore remote employee must secure home networks?,Yes. Restore Remote Employee must secure home networks.,OPS-RMT-007,POLICY_STATEMENT,Operations,Remote_Work,Easy,Restore Remote Employee must secure home networks
"According to enterprise policy, what should be done for restrict office must?",Restrict Office must be reviewed annually.,ADM-PSC-006,POLICY_STATEMENT,Administration,Physical_Security,Medium,Restrict Office must be reviewed annually
What enterprise security control governs test home office?,Test Home Office must protect company assets.,OPS-RMT-009,POLICY_STATEMENT,Operations,Remote_Work,Hard,Test Home Office must protect company assets
"According to enterprise policy, what should be done for delete personal data?",Delete Personal Data must be securely transferred.,CSP-DAT-011,POLICY_STATEMENT,Customer Support,Customer_Data_Handling,Medium,Delete Personal Data must be securely transferred
"According to enterprise policy, what should be done for conduct development plan?",Conduct Development Plan must follow organizational procedures.,HR-PRF-018,POLICY_STATEMENT,Human Resources,Performance_Management,Medium,Conduct Development Plan must follow organizational procedures
Which security requirement applies to process budget record?,Process Budget Record must follow access control policy.,RES-DAT-016,POLICY_STATEMENT,Research,Research_Data_Protection,Medium,Process Budget Record must follow access control policy
Which security requirement applies to implement infrastructure change?,Implement Infrastructure Change must receive CAB approval.,OPS-CHG-001,POLICY_STATEMENT,Operations,Change_Management,Medium,Implement Infrastructure Change must receive CAB approval
What is the policy regarding respond security alert?,Respond Security Alert must be monitored continuously.,CS-RET-005,POLICY_STATEMENT,Cyber Security,Data_Retention,Easy,Respond Security Alert must be monitored continuously
What is the policy regarding mitigate security alert?,Mitigate Security Alert must comply with enterprise security policy.,CS-AIG-012,POLICY_STATEMENT,Cyber Security,AI_Governance,Easy,Mitigate Security Alert must comply with enterprise security policy
How should employees handle process benefits enrollment?,Process Benefits Enrollment must comply with labor regulations.,HR-REC-002,POLICY_STATEMENT,Human Resources,Recruitment,Medium,Process Benefits Enrollment must comply with labor regulations
Which mandatory enterprise requirement applies to reset password must?,Reset Password must be encrypted.,IT-PWD-001,POLICY_STATEMENT,Information Technology,Password_Management,Hard,Reset Password must be encrypted
How should employees handle validate disaster recovery?,Validate Disaster Recovery Plan must be approved by management.,OPS-BCP-016,POLICY_STATEMENT,Operations,Business_Continuity,Medium,Validate Disaster Recovery Plan must be approved by management
How should employees handle collect employee information?,Collect Employee Information must be protected against unauthorized access.,LEG-PRI-025,POLICY_STATEMENT,Legal,Data_Privacy,Medium,Collect Employee Information must be protected against unauthorized access
Which security requirement applies to review supplier agreement?,Review Supplier Agreement must undergo legal review.,LEG-VEN-025,POLICY_STATEMENT,Legal,Vendor_Management,Medium,Review Supplier Agreement must undergo legal review
How should employees handle review confidential record?,Review Confidential Record must be encrypted.,CSP-DAT-009,POLICY_STATEMENT,Customer Support,Customer_Data_Handling,Medium,Review Confidential Record must be encrypted
Which mandatory enterprise requirement applies to assess approval request?,Assess Approval Request must be retained for audit.,LEG-CMP-020,POLICY_STATEMENT,Legal,Compliance,Hard,Assess Approval Request must be retained for audit
What is the policy regarding review confidential record?,Review Confidential Record must be encrypted.,CSP-DAT-009,POLICY_STATEMENT,Customer Support,Customer_Data_Handling,Easy,Review Confidential Record must be encrypted
How should employees handle mitigate threat intelligence?,Mitigate Threat Intelligence must follow incident response procedures.,CS-CLD-022,POLICY_STATEMENT,Cyber Security,Cloud_Security,Medium,Mitigate Threat Intelligence must follow incident response procedures
Which security requirement applies to implement business process?,Implement Business Process must support business recovery.,OPS-BCP-024,POLICY_STATEMENT,Operations,Business_Continuity,Medium,Implement Business Process must support business recovery
"According to enterprise policy, what should be done for approve security patch?",Approve Security Patch must be logged.,IT-SFT-010,POLICY_STATEMENT,Information Technology,Software_Installation,Medium,Approve Security Patch must be logged
Which mandatory enterprise requirement applies to process research repository?,Process Research Repository must follow access control policy.,RES-DAT-018,POLICY_STATEMENT,Research,Research_Data_Protection,Hard,Process Research Repository must follow access control policy
Which security requirement applies to maintain service agreement?,Maintain Service Agreement must comply with organizational policy.,LEG-CON-023,POLICY_STATEMENT,Legal,Contract_Management,Medium,Maintain Service Agreement must comply with organizational policy
Should review user profile must follow consent requirements?,Yes. Review User Profile must follow consent requirements.,LEG-PRI-012,POLICY_STATEMENT,Legal,Data_Privacy,Easy,Review User Profile must follow consent requirements
What is the policy regarding process candidate must?,Process Candidate must be approved by Human Resources.,HR-CON-008,POLICY_STATEMENT,Human Resources,Employee_Conduct,Easy,Process Candidate must be approved by Human Resources
"According to enterprise policy, what should be done for investigate cloud storage?",Investigate Cloud Storage must be logged.,CS-CLD-023,POLICY_STATEMENT,Cyber Security,Cloud_Security,Medium,Investigate Cloud Storage must be logged
Is it required to approve security patch must be scanned before installation?,Yes. Approve Security Patch must be scanned before installation.,IT-SFT-016,POLICY_STATEMENT,Information Technology,Software_Installation,Easy,Approve Security Patch must be scanned before installation
Is it required to encrypt business data must be encrypted?,Yes. Encrypt Business Data must be encrypted.,RES-DAT-006,POLICY_STATEMENT,Research,Research_Data_Protection,Easy,Encrypt Business Data must be encrypted
How should employees handle audit office equipment?,Audit Office Equipment must be securely disposed.,ADM-AST-001,POLICY_STATEMENT,Administration,Asset_Management,Medium,Audit Office Equipment must be securely disposed
"According to enterprise policy, what should be done for verify financial transaction?",Verify Financial Transaction must be reviewed quarterly.,FIN-BUD-016,POLICY_STATEMENT,Finance,Budget_Planning,Medium,Verify Financial Transaction must be reviewed quarterly
"According to enterprise policy, what should be done for investigate cloud resource?",Investigate Cloud Resource must distribute critical alerts immediately.,CS-THR-008,POLICY_STATEMENT,Cyber Security,Threat_Intelligence,Medium,Investigate Cloud Resource must distribute critical alerts immediately
Should manage performance review must maintain accurate records?,Yes. Manage Performance Review must maintain accurate records.,HR-CON-011,POLICY_STATEMENT,Human Resources,Employee_Conduct,Easy,Manage Performance Review must maintain accurate records
Which mandatory enterprise requirement applies to verify financial report?,Verify Financial Report must comply with accounting standards.,FIN-REP-013,POLICY_STATEMENT,Finance,Financial_Reporting,Hard,Verify Financial Report must comply with accounting standards
What enterprise security control governs verify financial transaction?,Verify Financial Transaction must include vendor verification.,FIN-PRC-018,POLICY_STATEMENT,Finance,Procurement,Hard,Verify Financial Transaction must include vendor verification
"According to enterprise policy, what should be done for update privileged account?",Update Privileged Account must be rotated periodically.,IT-ACC-004,POLICY_STATEMENT,Information Technology,Access_Control,Medium,Update Privileged Account must be rotated periodically
What enterprise security control governs create password must?,Create Password must be reviewed every 90 days.,IT-ACC-018,POLICY_STATEMENT,Information Technology,Access_Control,Hard,Create Password must be reviewed every 90 days
Which security requirement applies to recover administrator password?,Recover Administrator Password must be encrypted.,IT-PWD-016,POLICY_STATEMENT,Information Technology,Password_Management,Medium,Recover Administrator Password must be encrypted
Which mandatory enterprise requirement applies to authorize performance review?,Authorize Performance Review must include manager feedback.,HR-PRF-004,POLICY_STATEMENT,Human Resources,Performance_Management,Hard,Authorize Performance Review must include manager feedback
Is it required to record business agreement must be archived after expiration?,Yes. Record Business Agreement must be archived after expiration.,LEG-CON-019,POLICY_STATEMENT,Legal,Contract_Management,Easy,Record Business Agreement must be archived after expiration
Which security requirement applies to document financial transaction?,Document Financial Transaction must comply with organizational policy.,LEG-VEN-005,POLICY_STATEMENT,Legal,Vendor_Management,Medium,Document Financial Transaction must comply with organizational policy
Which security requirement applies to review employee information?,Review Employee Information must not be disclosed without authorization.,LEG-PRI-020,POLICY_STATEMENT,Legal,Data_Privacy,Medium,Review Employee Information must not be disclosed without authorization
Is it required to approve configuration change must be tested before deployment?,Yes. Approve Configuration Change must be tested before deployment.,OPS-CHG-010,POLICY_STATEMENT,Operations,Change_Management,Easy,Approve Configuration Change must be tested before deployment
Which mandatory enterprise requirement applies to monitor contract must?,Monitor Contract must be securely stored.,LEG-CON-020,POLICY_STATEMENT,Legal,Contract_Management,Hard,Monitor Contract must be securely stored
How should employees handle restrict access badge?,Restrict Access Badge must be inspected regularly.,ADM-PSC-002,POLICY_STATEMENT,Administration,Physical_Security,Medium,Restrict Access Badge must be inspected regularly
What enterprise security control governs review policy exception?,Review Policy Exception must be retained for audit.,FIN-BUD-024,POLICY_STATEMENT,Finance,Budget_Planning,Hard,Review Policy Exception must be retained for audit
Should collect copyright must support user deletion requests?,Yes. Collect Copyright must support user deletion requests.,LEG-IP-012,POLICY_STATEMENT,Legal,Intellectual_Property,Easy,Collect Copyright must support user deletion requests
Is it required to update operating system requires administrator approval?,Yes. Update Operating System requires administrator approval.,IT-SFT-017,POLICY_STATEMENT,Information Technology,Software_Installation,Easy,Update Operating System requires administrator approval
Which mandatory enterprise requirement applies to validate authentication token?,Validate Authentication Token must not be shared.,IT-ACC-013,POLICY_STATEMENT,Information Technology,Access_Control,Hard,Validate Authentication Token must not be shared
Is it required to protect malware must follow incident response procedures?,Yes. Protect Malware must follow incident response procedures.,CS-CLD-012,POLICY_STATEMENT,Cyber Security,Cloud_Security,Easy,Protect Malware must follow incident response procedures
What enterprise security control governs monitor outgoing email?,Monitor Outgoing Email must be archived.,IT-EML-011,POLICY_STATEMENT,Information Technology,Email_Security,Hard,Monitor Outgoing Email must be archived
What enterprise security control governs review personal data?,Review Personal Data must not be disclosed without authorization.,CSP-DAT-008,POLICY_STATEMENT,Customer Support,Customer_Data_Handling,Hard,Review Personal Data must not be disclosed without authorization
Should register printer must be recorded in inventory?,Yes. Register Printer must be recorded in inventory.,ADM-AST-022,POLICY_STATEMENT,Administration,Asset_Management,Easy,Register Printer must be recorded in inventory
How should employees handle recover credentials must?,Recover Credentials must be monitored continuously.,IT-IDA-003,POLICY_STATEMENT,Information Technology,Identity_Authentication,Medium,Recover Credentials must be monitored continuously
Which mandatory enterprise requirement applies to approve annual leave?,Approve Annual Leave must protect employee privacy.,HR-LVE-001,POLICY_STATEMENT,Human Resources,Leave_Management,Hard,Approve Annual Leave must protect employee privacy
What enterprise security control governs verify leave request?,Verify Leave Request must be retained for audit purposes.,HR-REC-025,POLICY_STATEMENT,Human Resources,Recruitment,Hard,Verify Leave Request must be retained for audit purposes
"According to enterprise policy, what should be done for approve employee record?",Approve Employee Record must receive manager approval.,HR-REC-005,POLICY_STATEMENT,Human Resources,Recruitment,Medium,Approve Employee Record must receive manager approval
Should encrypt business data must be reviewed periodically?,Yes. Encrypt Business Data must be reviewed periodically.,RES-DAT-006,POLICY_STATEMENT,Research,Research_Data_Protection,Easy,Encrypt Business Data must be reviewed periodically
"According to enterprise policy, what should be done for transfer budget record?",Transfer Budget Record must follow access control policy.,FIN-PAY-006,POLICY_STATEMENT,Finance,Payroll,Medium,Transfer Budget Record must follow access control policy
What enterprise security control governs maintain critical system?,Maintain Critical System must be tested quarterly.,OPS-BCP-017,POLICY_STATEMENT,Operations,Business_Continuity,Hard,Maintain Critical System must be tested quarterly
Which security requirement applies to maintain annual leave?,Maintain Annual Leave must be approved by Human Resources.,HR-LVE-007,POLICY_STATEMENT,Human Resources,Leave_Management,Medium,Maintain Annual Leave must be approved by Human Resources
How should employees handle monitor outgoing email?,Monitor Outgoing Email must comply with company communication policy.,IT-EML-011,POLICY_STATEMENT,Information Technology,Email_Security,Medium,Monitor Outgoing Email must comply with company communication policy
What enterprise security control governs inspect building must?,Inspect Building must be inspected regularly.,ADM-PSC-018,POLICY_STATEMENT,Administration,Physical_Security,Hard,Inspect Building must be inspected regularly
Which mandatory enterprise requirement applies to report security alert?,Report Security Alert must comply with AI governance policies.,CS-AIG-007,POLICY_STATEMENT,Cyber Security,AI_Governance,Hard,Report Security Alert must comply with AI governance policies
What is the policy regarding assess contract must?,Assess Contract must receive management approval.,LEG-CON-007,POLICY_STATEMENT,Legal,Contract_Management,Easy,Assess Contract must receive management approval
Which security requirement applies to maintain professional ethics?,Maintain Professional Ethics must be documented.,HR-CON-025,POLICY_STATEMENT,Human Resources,Employee_Conduct,Medium,Maintain Professional Ethics must be documented
How should employees handle monitor employee goal?,Monitor Employee Goal must be conducted annually.,HR-PRF-022,POLICY_STATEMENT,Human Resources,Performance_Management,Medium,Monitor Employee Goal must be conducted annually
What is the policy regarding process budget record?,Process Budget Record must receive manager approval.,FIN-EXP-025,POLICY_STATEMENT,Finance,Expense_Management,Easy,Process Budget Record must receive manager approval
Is it required to transfer identity document must not be disclosed without authorization?,Yes. Transfer Identity Document must not be disclosed without authorization.,CSP-DAT-017,POLICY_STATEMENT,Customer Support,Customer_Data_Handling,Easy,Transfer Identity Document must not be disclosed without authorization
How should employees handle archive email attachment?,Archive Email Attachment must be scanned for malware.,IT-EML-017,POLICY_STATEMENT,Information Technology,Email_Security,Medium,Archive Email Attachment must be scanned for malware
How should employees handle review benefits enrollment?,Review Benefits Enrollment must be retained for audit purposes.,HR-LVE-024,POLICY_STATEMENT,Human Resources,Leave_Management,Medium,Review Benefits Enrollment must be retained for audit purposes
Should maintain balance sheet must be monitored continuously?,Yes. Maintain Balance Sheet must be monitored continuously.,FIN-REP-023,POLICY_STATEMENT,Finance,Financial_Reporting,Easy,Maintain Balance Sheet must be monitored continuously
Is it required to revoke administrator password must be protected against unauthorized disclosure?,Yes. Revoke Administrator Password must be protected against unauthorized disclosure.,IT-PWD-003,POLICY_STATEMENT,Information Technology,Password_Management,Easy,Revoke Administrator Password must be protected against unauthorized disclosure
Which security requirement applies to approve vendor agreement?,Approve Vendor Agreement must be reviewed annually.,FIN-BUD-021,POLICY_STATEMENT,Finance,Budget_Planning,Medium,Approve Vendor Agreement must be reviewed annually
How should employees handle audit hardware asset?,Audit Hardware Asset must be securely disposed.,ADM-AST-019,POLICY_STATEMENT,Administration,Asset_Management,Medium,Audit Hardware Asset must be securely disposed
Which security requirement applies to review patent must?,Review Patent must follow consent requirements.,LEG-IP-004,POLICY_STATEMENT,Legal,Intellectual_Property,Medium,Review Patent must follow consent requirements
How should employees handle share support ticket?,Share Support Ticket must be securely transferred.,CSP-DAT-010,POLICY_STATEMENT,Customer Support,Customer_Data_Handling,Medium,Share Support Ticket must be securely transferred
"According to enterprise policy, what should be done for send business communication?",Send Business Communication must be archived.,IT-EML-008,POLICY_STATEMENT,Information Technology,Email_Security,Medium,Send Business Communication must be archived
Should recover malware must be reviewed periodically?,Yes. Recover Malware must be reviewed periodically.,CS-RET-003,POLICY_STATEMENT,Cyber Security,Data_Retention,Easy,Recover Malware must be reviewed periodically
"According to enterprise policy, what should be done for document case record?",Document Case Record must document communication.,CSP-COM-013,POLICY_STATEMENT,Customer Support,Customer_Communication,Medium,Document Case Record must document communication
What is the policy regarding encrypt employee reimbursement?,Encrypt Employee Reimbursement must receive manager approval.,FIN-EXP-018,POLICY_STATEMENT,Finance,Expense_Management,Easy,Encrypt Employee Reimbursement must receive manager approval
Is it required to monitor financial transaction must receive executive approval?,Yes. Monitor Financial Transaction must receive executive approval.,FIN-BUD-025,POLICY_STATEMENT,Finance,Budget_Planning,Easy,Monitor Financial Transaction must receive executive approval
What enterprise security control governs inspect visitor must?,Inspect Visitor must be documented.,ADM-PSC-020,POLICY_STATEMENT,Administration,Physical_Security,Hard,Inspect Visitor must be documented
Should validate access privilege must be rotated periodically?,Yes. Validate Access Privilege must be rotated periodically.,IT-ACC-014,POLICY_STATEMENT,Information Technology,Access_Control,Easy,Validate Access Privilege must be rotated periodically
What is the policy regarding activate disaster recovery?,Activate Disaster Recovery Plan must comply with organizational standards.,OPS-DR-025,POLICY_STATEMENT,Operations,Disaster_Recovery,Easy,Activate Disaster Recovery Plan must comply with organizational standards
Is it required to verify candidate must be documented?,Yes. Verify Candidate must be documented.,HR-CON-024,POLICY_STATEMENT,Human Resources,Employee_Conduct,Easy,Verify Candidate must be documented
Which mandatory enterprise requirement applies to delete procurement record?,Delete Procurement Record must be encrypted.,FIN-PAY-020,POLICY_STATEMENT,Finance,Payroll,Hard,Delete Procurement Record must be encrypted
Should recover cyber threat must be reviewed daily?,Yes. Recover Cyber Threat must be reviewed daily.,CS-THR-023,POLICY_STATEMENT,Cyber Security,Threat_Intelligence,Easy,Recover Cyber Threat must be reviewed daily
Which security requirement applies to share research paper?,Share Research Paper must not be shared externally without approval.,RES-DAT-010,POLICY_STATEMENT,Research,Research_Data_Protection,Medium,Share Research Paper must not be shared externally without approval
"According to enterprise policy, what should be done for record benefits enrollment?",Record Benefits Enrollment must maintain accurate records.,HR-LVE-023,POLICY_STATEMENT,Human Resources,Leave_Management,Medium,Record Benefits Enrollment must maintain accurate records
"According to enterprise policy, what should be done for audit compliance record?",Audit Compliance Record must be monitored continuously.,FIN-BUD-006,POLICY_STATEMENT,Finance,Budget_Planning,Medium,Audit Compliance Record must be monitored continuously
What is the policy regarding mitigate security incident?,Mitigate Security Incident must be documented.,CS-DCL-020,POLICY_STATEMENT,Cyber Security,Data_Classification,Easy,Mitigate Security Incident must be documented
"According to enterprise policy, what should be done for report threat intelligence?",Report Threat Intelligence must be reviewed daily.,CS-THR-018,POLICY_STATEMENT,Cyber Security,Threat_Intelligence,Medium,Report Threat Intelligence must be reviewed daily
Which security requirement applies to reset credentials must?,Reset Credentials must be logged.,IT-IDA-019,POLICY_STATEMENT,Information Technology,Identity_Authentication,Medium,Reset Credentials must be logged
"According to enterprise policy, what should be done for report security incident?",Report Security Incident must notify the security team.,CS-INC-004,POLICY_STATEMENT,Cyber Security,Incident_Response,Medium,Report Security Incident must notify the security team
"According to enterprise policy, what should be done for protect customer records?",Protect Customer Records must be securely destroyed after retention period.,CS-RET-007,POLICY_STATEMENT,Cyber Security,Data_Retention,Medium,Protect Customer Records must be securely destroyed after retention period
What enterprise security control governs investigate malware must?,Investigate Malware must be reviewed periodically.,CS-AIG-015,POLICY_STATEMENT,Cyber Security,AI_Governance,Hard,Investigate Malware must be reviewed periodically
Is it required to restrict office must be reviewed annually?,Yes. Restrict Office must be reviewed annually.,ADM-PSC-006,POLICY_STATEMENT,Administration,Physical_Security,Easy,Restrict Office must be reviewed annually
How should employees handle install operating system?,Install Operating System must be logged.,IT-SFT-019,POLICY_STATEMENT,Information Technology,Software_Installation,Medium,Install Operating System must be logged
Which security requirement applies to store customer data?,Store Customer Data must follow access control policy.,FIN-PAY-018,POLICY_STATEMENT,Finance,Payroll,Medium,Store Customer Data must follow access control policy
What is the policy regarding test business service?,Test Business Service must be approved by management.,OPS-DR-012,POLICY_STATEMENT,Operations,Disaster_Recovery,Easy,Test Business Service must be approved by management
How should employees handle audit vendor agreement?,Audit Vendor Agreement must be documented.,FIN-PRC-016,POLICY_STATEMENT,Finance,Procurement,Medium,Audit Vendor Agreement must be documented
Which security requirement applies to store sensitive information?,Store Sensitive Information must be encrypted.,LEG-PRI-022,POLICY_STATEMENT,Legal,Data_Privacy,Medium,Store Sensitive Information must be encrypted
What enterprise security control governs monitor security camera?,Monitor Security Camera must follow organizational policy.,ADM-VIS-014,POLICY_STATEMENT,Administration,Visitor_Management,Hard,Monitor Security Camera must follow organizational policy
What is the policy regarding encrypt sensitive information?,Encrypt Sensitive Information must support user deletion requests.,CSP-DAT-013,POLICY_STATEMENT,Customer Support,Customer_Data_Handling,Easy,Encrypt Sensitive Information must support user deletion requests
Should control server room must follow organizational policy?,Yes. Control Server Room must follow organizational policy.,ADM-VIS-008,POLICY_STATEMENT,Administration,Visitor_Management,Easy,Control Server Room must follow organizational policy
What enterprise security control governs investigate cloud storage?,Investigate Cloud Storage must be monitored continuously.,CS-CLD-023,POLICY_STATEMENT,Cyber Security,Cloud_Security,Hard,Investigate Cloud Storage must be monitored continuously
What is the policy regarding review employee goal?,Review Employee Goal must receive manager approval.,HR-PRF-003,POLICY_STATEMENT,Human Resources,Performance_Management,Easy,Review Employee Goal must receive manager approval
Should monitor legal document must be archived after expiration?,Yes. Monitor Legal Document must be archived after expiration.,LEG-CON-009,POLICY_STATEMENT,Legal,Contract_Management,Easy,Monitor Legal Document must be archived after expiration
Which mandatory enterprise requirement applies to delete employee information?,Delete Employee Information must be reviewed periodically.,CSP-DAT-007,POLICY_STATEMENT,Customer Support,Customer_Data_Handling,Hard,Delete Employee Information must be reviewed periodically
Which security requirement applies to mitigate cloud resource?,Mitigate Cloud Resource must enforce least privilege access.,CS-CLD-002,POLICY_STATEMENT,Cyber Security,Cloud_Security,Medium,Mitigate Cloud Resource must enforce least privilege access
Which mandatory enterprise requirement applies to audit legal document?,Audit Legal Document must be securely stored.,LEG-CON-006,POLICY_STATEMENT,Legal,Contract_Management,Hard,Audit Legal Document must be securely stored
How should employees handle restrict facility must?,Restrict Facility must protect company assets.,ADM-PSC-014,POLICY_STATEMENT,Administration,Physical_Security,Medium,Restrict Facility must protect company assets
What enterprise security control governs protect software requires?,Protect Software requires administrator approval.,IT-SFT-018,POLICY_STATEMENT,Information Technology,Software_Installation,Hard,Protect Software requires administrator approval
What enterprise security control governs detect user account?,Detect User Account must be reviewed annually.,CS-DCL-010,POLICY_STATEMENT,Cyber Security,Data_Classification,Hard,Detect User Account must be reviewed annually
Which security requirement applies to review vendor agreement?,Review Vendor Agreement must be retained for audit.,LEG-CMP-007,POLICY_STATEMENT,Legal,Compliance,Medium,Review Vendor Agreement must be retained for audit
Is it required to store privacy request must support user deletion requests?,Yes. Store Privacy Request must support user deletion requests.,CSP-DAT-006,POLICY_STATEMENT,Customer Support,Customer_Data_Handling,Easy,Store Privacy Request must support user deletion requests
Which security requirement applies to manage performance review?,Manage Performance Review must receive manager approval.,HR-CON-011,POLICY_STATEMENT,Human Resources,Employee_Conduct,Medium,Manage Performance Review must receive manager approval
How should employees handle notify live chat?,Notify Live Chat must protect confidential information.,CSP-COM-006,POLICY_STATEMENT,Customer Support,Customer_Communication,Medium,Notify Live Chat must protect confidential information
How should employees handle track laptop must?,Track Laptop must be securely disposed.,ADM-AST-011,POLICY_STATEMENT,Administration,Asset_Management,Medium,Track Laptop must be securely disposed
Which mandatory enterprise requirement applies to review personal data?,Review Personal Data must be protected against unauthorized access.,CSP-DAT-008,POLICY_STATEMENT,Customer Support,Customer_Data_Handling,Hard,Review Personal Data must be protected against unauthorized access
What enterprise security control governs review access badge?,Review Access Badge must be monitored continuously.,ADM-PSC-004,POLICY_STATEMENT,Administration,Physical_Security,Hard,Review Access Badge must be monitored continuously
What enterprise security control governs inspect desktop must?,Inspect Desktop must report lost assets immediately.,ADM-AST-021,POLICY_STATEMENT,Administration,Asset_Management,Hard,Inspect Desktop must report lost assets immediately
"According to enterprise policy, what should be done for review business process?",Review Business Process must follow regulatory requirements.,LEG-VEN-017,POLICY_STATEMENT,Legal,Vendor_Management,Medium,Review Business Process must follow regulatory requirements
Which mandatory enterprise requirement applies to scan outgoing email?,Scan Outgoing Email requires spam filtering.,IT-EML-004,POLICY_STATEMENT,Information Technology,Email_Security,Hard,Scan Outgoing Email requires spam filtering
Is it required to send incoming email must be monitored?,Yes. Send Incoming Email must be monitored.,IT-EML-012,POLICY_STATEMENT,Information Technology,Email_Security,Easy,Send Incoming Email must be monitored
Should monitor job application must maintain accurate records?,Yes. Monitor Job Application must maintain accurate records.,HR-CON-001,POLICY_STATEMENT,Human Resources,Employee_Conduct,Easy,Monitor Job Application must maintain accurate records
Which security requirement applies to review confidential record?,Review Confidential Record must be logged for auditing.,LEG-PRI-017,POLICY_STATEMENT,Legal,Data_Privacy,Medium,Review Confidential Record must be logged for auditing
Which security requirement applies to investigate sensitive data?,Investigate Sensitive Data must comply with enterprise security policy.,CS-INC-022,POLICY_STATEMENT,Cyber Security,Incident_Response,Medium,Investigate Sensitive Data must comply with enterprise security policy
Which mandatory enterprise requirement applies to classify tax deduction?,Classify Tax Deduction must be processed securely.,FIN-PAY-017,POLICY_STATEMENT,Finance,Payroll,Hard,Classify Tax Deduction must be processed securely
What is the policy regarding transfer budget record?,Transfer Budget Record must follow access control policy.,FIN-PAY-006,POLICY_STATEMENT,Finance,Payroll,Easy,Transfer Budget Record must follow access control policy
Is it required to track customer inquiry must follow escalation procedures?,Yes. Track Customer Inquiry must follow escalation procedures.,CSP-COM-022,POLICY_STATEMENT,Customer Support,Customer_Communication,Easy,Track Customer Inquiry must follow escalation procedures
How should employees handle report user account?,Report User Account must be reviewed annually.,CS-DCL-017,POLICY_STATEMENT,Cyber Security,Data_Classification,Medium,Report User Account must be reviewed annually
What is the policy regarding store service account?,Store Service Account Password must not be shared.,IT-IDA-023,POLICY_STATEMENT,Information Technology,Identity_Authentication,Easy,Store Service Account Password must not be shared
Should register software license must be securely disposed?,Yes. Register Software License must be securely disposed.,ADM-AST-017,POLICY_STATEMENT,Administration,Asset_Management,Easy,Register Software License must be securely disposed
How should employees handle recover laptop must?,Recover Laptop must be assigned to an owner.,ADM-AST-013,POLICY_STATEMENT,Administration,Asset_Management,Medium,Recover Laptop must be assigned to an owner
Which mandatory enterprise requirement applies to create identity profile?,Create Identity Profile must be rotated periodically.,IT-PWD-007,POLICY_STATEMENT,Information Technology,Password_Management,Hard,Create Identity Profile must be rotated periodically
What enterprise security control governs validate policy exception?,Validate Policy Exception must comply with organizational policy.,LEG-CMP-003,POLICY_STATEMENT,Legal,Compliance,Hard,Validate Policy Exception must comply with organizational policy
What enterprise security control governs review patent must?,Review Patent must be protected against unauthorized sharing.,LEG-IP-025,POLICY_STATEMENT,Legal,Intellectual_Property,Hard,Review Patent must be protected against unauthorized sharing
Should validate critical infrastructure must identify critical systems?,Yes. Validate Critical Infrastructure must identify critical systems.,OPS-DR-014,POLICY_STATEMENT,Operations,Disaster_Recovery,Easy,Validate Critical Infrastructure must identify critical systems
Which security requirement applies to investigate virtual machine?,Investigate Virtual Machine must enforce least privilege access.,CS-CLD-005,POLICY_STATEMENT,Cyber Security,Cloud_Security,Medium,Investigate Virtual Machine must enforce least privilege access
"According to enterprise policy, what should be done for archive email attachment?",Archive Email Attachment must comply with company communication policy.,IT-EML-005,POLICY_STATEMENT,Information Technology,Email_Security,Medium,Archive Email Attachment must comply with company communication policy
What is the policy regarding document case record?,Document Case Record must respond within SLA.,CSP-COM-013,POLICY_STATEMENT,Customer Support,Customer_Communication,Easy,Document Case Record must respond within SLA
"According to enterprise policy, what should be done for process business report?",Process Business Report must include supporting receipts.,FIN-EXP-021,POLICY_STATEMENT,Finance,Expense_Management,Medium,Process Business Report must include supporting receipts
Should monitor trademark must be protected against unauthorized access?,Yes. Monitor Trademark must be protected against unauthorized access.,LEG-IP-002,POLICY_STATEMENT,Legal,Intellectual_Property,Easy,Monitor Trademark must be protected against unauthorized access
"According to enterprise policy, what should be done for audit hardware asset?",Audit Hardware Asset must be recorded in inventory.,ADM-AST-023,POLICY_STATEMENT,Administration,Asset_Management,Medium,Audit Hardware Asset must be recorded in inventory
Should process regulated data must be securely transferred?,Yes. Process Regulated Data must be securely transferred.,LEG-PRI-002,POLICY_STATEMENT,Legal,Data_Privacy,Easy,Process Regulated Data must be securely transferred
What is the policy regarding process employee must?,Process Employee must be reviewed annually.,HR-PRF-023,POLICY_STATEMENT,Human Resources,Performance_Management,Easy,Process Employee must be reviewed annually
How should employees handle store permission must?,Store Permission must be securely stored.,IT-ACC-012,POLICY_STATEMENT,Information Technology,Access_Control,Medium,Store Permission must be securely stored
Which mandatory enterprise requirement applies to recover laptop must?,Recover Laptop must be securely disposed.,ADM-AST-013,POLICY_STATEMENT,Administration,Asset_Management,Hard,Recover Laptop must be securely disposed
Which mandatory enterprise requirement applies to create biometric authentication?,Create Biometric Authentication must be protected against unauthorized disclosure.,IT-IDA-006,POLICY_STATEMENT,Information Technology,Identity_Authentication,Hard,Create Biometric Authentication must be protected against unauthorized disclosure
Is it required to implement remote device must report security incidents?,Yes. Implement Remote Device must report security incidents.,OPS-RMT-004,POLICY_STATEMENT,Operations,Remote_Work,Easy,Implement Remote Device must report security incidents
How should employees handle encrypt payment record?,Encrypt Payment Record must be backed up.,FIN-PAY-007,POLICY_STATEMENT,Finance,Payroll,Medium,Encrypt Payment Record must be backed up
What enterprise security control governs encrypt sensitive information?,Encrypt Sensitive Information must record every customer interaction.,CSP-DAT-013,POLICY_STATEMENT,Customer Support,Customer_Data_Handling,Hard,Encrypt Sensitive Information must record every customer interaction
Which security requirement applies to maintain physical asset?,Maintain Physical Asset must remain operational at all times.,ADM-PSC-024,POLICY_STATEMENT,Administration,Physical_Security,Medium,Maintain Physical Asset must remain operational at all times
Should monitor cyber threat must preserve forensic evidence?,Yes. Monitor Cyber Threat must preserve forensic evidence.,CS-THR-001,POLICY_STATEMENT,Cyber Security,Threat_Intelligence,Easy,Monitor Cyber Threat must preserve forensic evidence
What is the policy regarding maintain compliance evidence?,Maintain Compliance Evidence must comply with accounting standards.,FIN-REP-007,POLICY_STATEMENT,Finance,Financial_Reporting,Easy,Maintain Compliance Evidence must comply with accounting standards
Which mandatory enterprise requirement applies to review patent must?,Review Patent must be protected against unauthorized sharing.,LEG-IP-015,POLICY_STATEMENT,Legal,Intellectual_Property,Hard,Review Patent must be protected against unauthorized sharing
"According to enterprise policy, what should be done for delete personal data?",Delete Personal Data must be reviewed periodically.,CSP-DAT-011,POLICY_STATEMENT,Customer Support,Customer_Data_Handling,Medium,Delete Personal Data must be reviewed periodically
Is it required to protect password must be monitored continuously?,Yes. Protect Password must be monitored continuously.,IT-PWD-020,POLICY_STATEMENT,Information Technology,Password_Management,Easy,Protect Password must be monitored continuously
How should employees handle conduct job application?,Conduct Job Application must comply with company HR policy.,HR-REC-017,POLICY_STATEMENT,Human Resources,Recruitment,Medium,Conduct Job Application must comply with company HR policy
What is the policy regarding verify enterprise software?,Verify Enterprise Software must be scanned before installation.,IT-SFT-020,POLICY_STATEMENT,Information Technology,Software_Installation,Easy,Verify Enterprise Software must be scanned before installation
What is the policy regarding recover desktop must?,Recover Desktop must be securely disposed.,ADM-AST-005,POLICY_STATEMENT,Administration,Asset_Management,Easy,Recover Desktop must be securely disposed
Is it required to mitigate cloud resource must be reported immediately?,Yes. Mitigate Cloud Resource must be reported immediately.,CS-CLD-002,POLICY_STATEMENT,Cyber Security,Cloud_Security,Easy,Mitigate Cloud Resource must be reported immediately
Which security requirement applies to escalate customer inquiry?,Escalate Customer Inquiry must protect confidential information.,CSP-COM-025,POLICY_STATEMENT,Customer Support,Customer_Communication,Medium,Escalate Customer Inquiry must protect confidential information
How should employees handle process identity document?,Process Identity Document must be logged for auditing.,LEG-PRI-007,POLICY_STATEMENT,Legal,Data_Privacy,Medium,Process Identity Document must be logged for auditing
How should employees handle maintain vendor agreement?,Maintain Vendor Agreement must follow regulatory requirements.,LEG-VEN-003,POLICY_STATEMENT,Legal,Vendor_Management,Medium,Maintain Vendor Agreement must follow regulatory requirements
Which security requirement applies to mitigate cloud resource?,Mitigate Cloud Resource must be reported immediately.,CS-CLD-002,POLICY_STATEMENT,Cyber Security,Cloud_Security,Medium,Mitigate Cloud Resource must be reported immediately
What enterprise security control governs validate incoming email?,Validate Incoming Email must be archived.,IT-EML-025,POLICY_STATEMENT,Information Technology,Email_Security,Hard,Validate Incoming Email must be archived
Should transfer identity document must comply with privacy regulations?,Yes. Transfer Identity Document must comply with privacy regulations.,CSP-DAT-017,POLICY_STATEMENT,Customer Support,Customer_Data_Handling,Easy,Transfer Identity Document must comply with privacy regulations
Which mandatory enterprise requirement applies to report network traffic?,Report Network Traffic must be investigated.,CS-DCL-015,POLICY_STATEMENT,Cyber Security,Data_Classification,Hard,Report Network Traffic must be investigated
What is the policy regarding report user account?,Report User Account must be investigated.,CS-DCL-005,POLICY_STATEMENT,Cyber Security,Data_Classification,Easy,Report User Account must be investigated
Which mandatory enterprise requirement applies to protect malware must?,Protect Malware must follow incident response procedures.,CS-CLD-012,POLICY_STATEMENT,Cyber Security,Cloud_Security,Hard,Protect Malware must follow incident response procedures
"According to enterprise policy, what should be done for monitor security camera?",Monitor Security Camera must issue temporary visitor badge.,ADM-VIS-014,POLICY_STATEMENT,Administration,Visitor_Management,Medium,Monitor Security Camera must issue temporary visitor badge
Should maintain annual leave must be approved by human resources?,Yes. Maintain Annual Leave must be approved by Human Resources.,HR-LVE-007,POLICY_STATEMENT,Human Resources,Leave_Management,Easy,Maintain Annual Leave must be approved by Human Resources
Which mandatory enterprise requirement applies to maintain employee benefit?,Maintain Employee Benefit must be approved by Human Resources.,HR-BEN-007,POLICY_STATEMENT,Human Resources,Employee_Benefits,Hard,Maintain Employee Benefit must be approved by Human Resources
How should employees handle maintain business process?,Maintain Business Process must be traceable.,LEG-CMP-008,POLICY_STATEMENT,Legal,Compliance,Medium,Maintain Business Process must be traceable
Should manage training record must be approved by human resources?,Yes. Manage Training Record must be approved by Human Resources.,HR-CON-019,POLICY_STATEMENT,Human Resources,Employee_Conduct,Easy,Manage Training Record must be approved by Human Resources
Which mandatory enterprise requirement applies to recover ai assistant?,Recover AI Assistant must be logged.,CS-AIG-018,POLICY_STATEMENT,Cyber Security,AI_Governance,Hard,Recover AI Assistant must be logged
Should recover administrator password must be encrypted?,Yes. Recover Administrator Password must be encrypted.,IT-PWD-016,POLICY_STATEMENT,Information Technology,Password_Management,Easy,Recover Administrator Password must be encrypted
Which security requirement applies to test home office?,Test Home Office must protect company assets.,OPS-RMT-009,POLICY_STATEMENT,Operations,Remote_Work,Medium,Test Home Office must protect company assets
What enterprise security control governs activate continuity plan?,Activate Continuity Plan must support business recovery.,OPS-DR-010,POLICY_STATEMENT,Operations,Disaster_Recovery,Hard,Activate Continuity Plan must support business recovery
Which mandatory enterprise requirement applies to maintain benefits enrollment?,Maintain Benefits Enrollment must protect employee privacy.,HR-REC-018,POLICY_STATEMENT,Human Resources,Recruitment,Hard,Maintain Benefits Enrollment must protect employee privacy
"According to enterprise policy, what should be done for validate system change?",Validate System Change must receive CAB approval.,OPS-CHG-005,POLICY_STATEMENT,Operations,Change_Management,Medium,Validate System Change must receive CAB approval
What is the policy regarding monitor confidential data?,Monitor Confidential Data must be classified before storage.,CS-DCL-004,POLICY_STATEMENT,Cyber Security,Data_Classification,Easy,Monitor Confidential Data must be classified before storage
Which mandatory enterprise requirement applies to share research paper?,Share Research Paper must be reviewed periodically.,RES-DAT-010,POLICY_STATEMENT,Research,Research_Data_Protection,Hard,Share Research Paper must be reviewed periodically
How should employees handle verify customer complaint?,Verify Customer Complaint must respond within SLA.,CSP-COM-001,POLICY_STATEMENT,Customer Support,Customer_Communication,Medium,Verify Customer Complaint must respond within SLA
Which mandatory enterprise requirement applies to assess business agreement?,Assess Business Agreement must be verified before approval.,LEG-CON-021,POLICY_STATEMENT,Legal,Contract_Management,Hard,Assess Business Agreement must be verified before approval
Should protect security incident must notify the security team?,Yes. Protect Security Incident must notify the security team.,CS-CLD-004,POLICY_STATEMENT,Cyber Security,Cloud_Security,Easy,Protect Security Incident must notify the security team
How should employees handle review purchase approval?,Review Purchase Approval must be monitored continuously.,FIN-PRC-001,POLICY_STATEMENT,Finance,Procurement,Medium,Review Purchase Approval must be monitored continuously
What is the policy regarding monitor incoming email?,Monitor Incoming Email must comply with company communication policy.,IT-EML-014,POLICY_STATEMENT,Information Technology,Email_Security,Easy,Monitor Incoming Email must comply with company communication policy
What enterprise security control governs implement remote device?,Implement Remote Device must follow remote work policy.,OPS-RMT-020,POLICY_STATEMENT,Operations,Remote_Work,Hard,Implement Remote Device must follow remote work policy
What is the policy regarding record hr document?,Record HR Document must be approved by Human Resources.,HR-BEN-015,POLICY_STATEMENT,Human Resources,Employee_Benefits,Easy,Record HR Document must be approved by Human Resources
Which mandatory enterprise requirement applies to monitor employee goal?,Monitor Employee Goal must be conducted annually.,HR-PRF-022,POLICY_STATEMENT,Human Resources,Performance_Management,Hard,Monitor Employee Goal must be conducted annually
What enterprise security control governs encrypt travel expense?,Encrypt Travel Expense must receive manager approval.,FIN-EXP-022,POLICY_STATEMENT,Finance,Expense_Management,Hard,Encrypt Travel Expense must receive manager approval
What enterprise security control governs document vendor agreement?,Document Vendor Agreement must be documented.,FIN-PRC-003,POLICY_STATEMENT,Finance,Procurement,Hard,Document Vendor Agreement must be documented
What is the policy regarding reset authentication token?,Reset Authentication Token must be backed by identity verification.,IT-ACC-003,POLICY_STATEMENT,Information Technology,Access_Control,Easy,Reset Authentication Token must be backed by identity verification
Which mandatory enterprise requirement applies to mitigate customer records?,Mitigate Customer Records must be investigated.,CS-RET-001,POLICY_STATEMENT,Cyber Security,Data_Retention,Hard,Mitigate Customer Records must be investigated
Which mandatory enterprise requirement applies to review job application?,Review Job Application must be approved by Human Resources.,HR-REC-015,POLICY_STATEMENT,Human Resources,Recruitment,Hard,Review Job Application must be approved by Human Resources
Should create identity profile requires multi-factor authentication?,Yes. Create Identity Profile requires multi-factor authentication.,IT-PWD-007,POLICY_STATEMENT,Information Technology,Password_Management,Easy,Create Identity Profile requires multi-factor authentication
What enterprise security control governs record employee must?,Record Employee must be retained for audit purposes.,HR-CON-010,POLICY_STATEMENT,Human Resources,Employee_Conduct,Hard,Record Employee must be retained for audit purposes
Which security requirement applies to protect operating system?,Protect Operating System must be verified.,IT-SFT-024,POLICY_STATEMENT,Information Technology,Software_Installation,Medium,Protect Operating System must be verified
Should update enterprise software requires administrator approval?,Yes. Update Enterprise Software requires administrator approval.,IT-SFT-013,POLICY_STATEMENT,Information Technology,Software_Installation,Easy,Update Enterprise Software requires administrator approval
How should employees handle document financial transaction?,Document Financial Transaction must comply with organizational policy.,LEG-CMP-006,POLICY_STATEMENT,Legal,Compliance,Medium,Document Financial Transaction must comply with organizational policy
How should employees handle restore remote employee?,Restore Remote Employee must secure home networks.,OPS-RMT-007,POLICY_STATEMENT,Operations,Remote_Work,Medium,Restore Remote Employee must secure home networks
What is the policy regarding monitor financial transaction?,Monitor Financial Transaction must receive management approval.,LEG-VEN-014,POLICY_STATEMENT,Legal,Vendor_Management,Easy,Monitor Financial Transaction must receive management approval
"According to enterprise policy, what should be done for implement system change?",Implement System Change must document implementation.,OPS-CHG-025,POLICY_STATEMENT,Operations,Change_Management,Medium,Implement System Change must document implementation
Should transfer desktop must be audited annually?,Yes. Transfer Desktop must be audited annually.,ADM-AST-018,POLICY_STATEMENT,Administration,Asset_Management,Easy,Transfer Desktop must be audited annually
How should employees handle analyze large language?,Analyze Large Language Model must be monitored continuously.,CS-AIG-016,POLICY_STATEMENT,Cyber Security,AI_Governance,Medium,Analyze Large Language Model must be monitored continuously
How should employees handle review confidential record?,Review Confidential Record must not be disclosed without authorization.,LEG-PRI-017,POLICY_STATEMENT,Legal,Data_Privacy,Medium,Review Confidential Record must not be disclosed without authorization
"According to enterprise policy, what should be done for maintain security camera?",Maintain Security Camera must remain operational at all times.,ADM-PSC-019,POLICY_STATEMENT,Administration,Physical_Security,Medium,Maintain Security Camera must remain operational at all times
What is the policy regarding contain cloud resource?,Contain Cloud Resource must be logged.,CS-DCL-018,POLICY_STATEMENT,Cyber Security,Data_Classification,Easy,Contain Cloud Resource must be logged
What enterprise security control governs recover threat intelligence?,Recover Threat Intelligence must be reported immediately.,CS-INC-009,POLICY_STATEMENT,Cyber Security,Incident_Response,Hard,Recover Threat Intelligence must be reported immediately
What is the policy regarding review workplace conduct?,Review Workplace Conduct must be approved by Human Resources.,HR-CON-012,POLICY_STATEMENT,Human Resources,Employee_Conduct,Easy,Review Workplace Conduct must be approved by Human Resources
What is the policy regarding report sensitive data?,Report Sensitive Data must notify the security team.,CS-INC-006,POLICY_STATEMENT,Cyber Security,Incident_Response,Easy,Report Sensitive Data must notify the security team
Which security requirement applies to protect enterprise software?,Protect Enterprise Software must be verified.,IT-SFT-004,POLICY_STATEMENT,Information Technology,Software_Installation,Medium,Protect Enterprise Software must be verified
Is it required to reset administrator password must be reviewed every 90 days?,Yes. Reset Administrator Password must be reviewed every 90 days.,IT-PWD-011,POLICY_STATEMENT,Information Technology,Password_Management,Easy,Reset Administrator Password must be reviewed every 90 days
What is the policy regarding monitor policy exception?,Monitor Policy Exception must be securely stored.,FIN-REP-018,POLICY_STATEMENT,Finance,Financial_Reporting,Easy,Monitor Policy Exception must be securely stored
Should activate remote workspace must secure home networks?,Yes. Activate Remote Workspace must secure home networks.,OPS-RMT-003,POLICY_STATEMENT,Operations,Remote_Work,Easy,Activate Remote Workspace must secure home networks
How should employees handle maintain operational workflow?,Maintain Operational Workflow must comply with organizational standards.,OPS-BCP-001,POLICY_STATEMENT,Operations,Business_Continuity,Medium,Maintain Operational Workflow must comply with organizational standards
"According to enterprise policy, what should be done for delete employee reimbursement?",Delete Employee Reimbursement must be backed up.,FIN-EXP-003,POLICY_STATEMENT,Finance,Expense_Management,Medium,Delete Employee Reimbursement must be backed up
Is it required to share copyright must not be disclosed publicly?,Yes. Share Copyright must not be disclosed publicly.,LEG-IP-003,POLICY_STATEMENT,Legal,Intellectual_Property,Easy,Share Copyright must not be disclosed publicly
"According to enterprise policy, what should be done for validate incoming email?",Validate Incoming Email must be archived.,IT-EML-018,POLICY_STATEMENT,Information Technology,Email_Security,Medium,Validate Incoming Email must be archived
Is it required to investigate malware must be reviewed periodically?,Yes. Investigate Malware must be reviewed periodically.,CS-AIG-015,POLICY_STATEMENT,Cyber Security,AI_Governance,Easy,Investigate Malware must be reviewed periodically
How should employees handle contain audit logs?,Contain Audit Logs must be monitored continuously.,CS-RET-004,POLICY_STATEMENT,Cyber Security,Data_Retention,Medium,Contain Audit Logs must be monitored continuously
How should employees handle maintain audit report?,Maintain Audit Report must be traceable.,FIN-BUD-022,POLICY_STATEMENT,Finance,Budget_Planning,Medium,Maintain Audit Report must be traceable
How should employees handle process business report?,Process Business Report must be classified correctly.,FIN-EXP-021,POLICY_STATEMENT,Finance,Expense_Management,Medium,Process Business Report must be classified correctly
What enterprise security control governs verify financial report?,Verify Financial Report must comply with organizational policy.,FIN-REP-013,POLICY_STATEMENT,Finance,Financial_Reporting,Hard,Verify Financial Report must comply with organizational policy
Which mandatory enterprise requirement applies to encrypt external connection?,Encrypt External Connection requires encrypted communication.,IT-VPN-005,POLICY_STATEMENT,Information Technology,Remote_Access,Hard,Encrypt External Connection requires encrypted communication
Which mandatory enterprise requirement applies to audit business process?,Audit Business Process must be traceable.,LEG-CMP-009,POLICY_STATEMENT,Legal,Compliance,Hard,Audit Business Process must be traceable
Which security requirement applies to assess compliance evidence?,Assess Compliance Evidence must follow regulatory requirements.,FIN-BUD-010,POLICY_STATEMENT,Finance,Budget_Planning,Medium,Assess Compliance Evidence must follow regulatory requirements
What is the policy regarding contain security event?,Contain Security Event must be logged.,CS-AIG-008,POLICY_STATEMENT,Cyber Security,AI_Governance,Easy,Contain Security Event must be logged
How should employees handle review customer request?,Review Customer Request must be logged for auditing.,CSP-DAT-004,POLICY_STATEMENT,Customer Support,Customer_Data_Handling,Medium,Review Customer Request must be logged for auditing
"According to enterprise policy, what should be done for share customer data?",Share Customer Data must be classified correctly.,FIN-PAY-005,POLICY_STATEMENT,Finance,Payroll,Medium,Share Customer Data must be classified correctly
How should employees handle monitor legal document?,Monitor Legal Document must be verified before approval.,LEG-CON-024,POLICY_STATEMENT,Legal,Contract_Management,Medium,Monitor Legal Document must be verified before approval
Should validate vendor agreement must be reviewed annually?,Yes. Validate Vendor Agreement must be reviewed annually.,LEG-CMP-015,POLICY_STATEMENT,Legal,Compliance,Easy,Validate Vendor Agreement must be reviewed annually
Should update enterprise software must be logged?,Yes. Update Enterprise Software must be logged.,IT-SFT-002,POLICY_STATEMENT,Information Technology,Software_Installation,Easy,Update Enterprise Software must be logged
What enterprise security control governs authenticate network gateway?,Authenticate Network Gateway must be monitored continuously.,IT-VPN-022,POLICY_STATEMENT,Information Technology,Remote_Access,Hard,Authenticate Network Gateway must be monitored continuously
Which mandatory enterprise requirement applies to detect malware campaign?,Detect Malware Campaign must be investigated.,CS-THR-017,POLICY_STATEMENT,Cyber Security,Threat_Intelligence,Hard,Detect Malware Campaign must be investigated
Is it required to track email must verify customer identity?,Yes. Track Email must verify customer identity.,CSP-COM-002,POLICY_STATEMENT,Customer Support,Customer_Communication,Easy,Track Email must verify customer identity
"According to enterprise policy, what should be done for document financial transaction?",Document Financial Transaction must be documented.,LEG-VEN-005,POLICY_STATEMENT,Legal,Vendor_Management,Medium,Document Financial Transaction must be documented
What enterprise security control governs store customer data?,Store Customer Data must be classified correctly.,RES-DAT-015,POLICY_STATEMENT,Research,Research_Data_Protection,Hard,Store Customer Data must be classified correctly
Should verify performance review must protect employee privacy?,Yes. Verify Performance Review must protect employee privacy.,HR-PRF-019,POLICY_STATEMENT,Human Resources,Performance_Management,Easy,Verify Performance Review must protect employee privacy
"According to enterprise policy, what should be done for encrypt network gateway?",Encrypt Network Gateway must be logged.,IT-VPN-017,POLICY_STATEMENT,Information Technology,Remote_Access,Medium,Encrypt Network Gateway must be logged
Which mandatory enterprise requirement applies to maintain employee benefit?,Maintain Employee Benefit must comply with company HR policy.,HR-BEN-007,POLICY_STATEMENT,Human Resources,Employee_Benefits,Hard,Maintain Employee Benefit must comply with company HR policy
What enterprise security control governs authorize hr document?,Authorize HR Document must protect employee privacy.,HR-CON-017,POLICY_STATEMENT,Human Resources,Employee_Conduct,Hard,Authorize HR Document must protect employee privacy
"According to enterprise policy, what should be done for protect malware must?",Protect Malware must comply with retention schedule.,CS-RET-020,POLICY_STATEMENT,Cyber Security,Data_Retention,Medium,Protect Malware must comply with retention schedule
What enterprise security control governs validate innovation record?,Validate Innovation Record must be available for audit.,RES-DAT-007,POLICY_STATEMENT,Research,Research_Data_Protection,Hard,Validate Innovation Record must be available for audit
How should employees handle monitor compliance evidence?,Monitor Compliance Evidence must align with business objectives.,FIN-BUD-004,POLICY_STATEMENT,Finance,Budget_Planning,Medium,Monitor Compliance Evidence must align with business objectives
Which security requirement applies to connect vpn connection?,Connect VPN Connection must comply with network security standards.,IT-VPN-025,POLICY_STATEMENT,Information Technology,Remote_Access,Medium,Connect VPN Connection must comply with network security standards
What is the policy regarding report container must?,Report Container must be reviewed periodically.,CS-CLD-019,POLICY_STATEMENT,Cyber Security,Cloud_Security,Easy,Report Container must be reviewed periodically
Should classify employee reimbursement must be retained according to policy?,Yes. Classify Employee Reimbursement must be retained according to policy.,FIN-EXP-023,POLICY_STATEMENT,Finance,Expense_Management,Easy,Classify Employee Reimbursement must be retained according to policy
What enterprise security control governs validate employee compensation?,Validate Employee Compensation must be available for audit.,FIN-PAY-002,POLICY_STATEMENT,Finance,Payroll,Hard,Validate Employee Compensation must be available for audit
"According to enterprise policy, what should be done for assess financial transaction?",Assess Financial Transaction must be traceable.,FIN-PRC-020,POLICY_STATEMENT,Finance,Procurement,Medium,Assess Financial Transaction must be traceable
"According to enterprise policy, what should be done for store identity document?",Store Identity Document must support user deletion requests.,CSP-DAT-024,POLICY_STATEMENT,Customer Support,Customer_Data_Handling,Medium,Store Identity Document must support user deletion requests
